{
  "type": "FeatureCollection",
  "name": "world_1994",
  "crs": {
    "type": "name",
    "properties": {
      "name": "urn:ogc:def:crs:OGC:1.3:CRS84"
    }
  },
  "features": [
    {
      "type": "Feature",
      "properties": {
        "NAME": "Spain",
        "ABBREVN": "Spain",
        "FIPS_CO": "SP",
        "WB_CNTR": "ESP",
        "BORDER_": 1,
        "BORDERI": "France,Belgium,Germany,Austria,Italy,Spain,Luxembourg,Switzerland,Korea, Democratic People's Republic of,China,India,Mauritania,Morocco,Algeria,United Arab Emirates,Saudi Arabia,Qatar,Oman,Niger,Burkina Faso,Ivory Coast,Guinea,Senegal,Yemen,Benin,Mali,Li",
        "SUBJECTO": "Spain",
        "BORDERPRECISION": 3,
        "PARTOF": "Spain"
      },
      "geometry": {
        "type": "MultiPolygon",
        "coordinates": [
          [
            [
              [
                -8.806055035980958,
                41.889178834871096
              ],
              [
                -8.860485997589844,
                42.0145336017168
              ],
              [
                -8.798570599945801,
                42.194530092195315
              ],
              [
                -8.644062962921875,
                42.419749818757815
              ],
              [
                -8.805045094879883,
                42.63155706973438
              ],
              [
                -8.941723790558594,
                42.824195466951174
              ],
              [
                -9.173123326691407,
                42.85590323062305
              ],
              [
                -9.246859517487305,
                42.900775514558596
              ],
              [
                -9.270803418549317,
                43.048690401033205
              ],
              [
                -9.197466817291993,
                43.158214174226565
              ],
              [
                -9.01358982602002,
                43.28085669131641
              ],
              [
                -8.849216428192872,
                43.326243959382815
              ],
              [
                -8.595722165497559,
                43.339618287996096
              ],
              [
                -8.310413327606934,
                43.35304983706836
              ],
              [
                -8.250697102936524,
                43.4304271564043
              ],
              [
                -8.220224347504395,
                43.61720999331836
              ],
              [
                -7.979528870972413,
                43.740054689363284
              ],
              [
                -7.636274781616944,
                43.721412263826174
              ],
              [
                -7.151302304657715,
                43.554942689851565
              ],
              [
                -6.8079757360542,
                43.523421846345705
              ],
              [
                -6.467573609741944,
                43.56272467227344
              ],
              [
                -6.208046403321045,
                43.640521608308596
              ],
              [
                -5.979656186493653,
                43.70537909121875
              ],
              [
                -5.820451226624268,
                43.70568808169727
              ],
              [
                -5.537417855652588,
                43.57745321841602
              ],
              [
                -5.224896397980469,
                43.507247529939455
              ],
              [
                -4.802335706146973,
                43.46944388003711
              ],
              [
                -4.110216107758301,
                43.45151098819141
              ],
              [
                -3.847605910691041,
                43.43916281314258
              ],
              [
                -3.4170004991615,
                43.37565191836719
              ],
              [
                -3.195965257080811,
                43.446883760408205
              ],
              [
                -3.007205691727417,
                43.55027350039844
              ],
              [
                -2.768362489136475,
                43.53787573428516
              ],
              [
                -2.367384400757569,
                43.326243959382815
              ],
              [
                -2.065644708069581,
                43.333270631746096
              ],
              [
                -1.914577808769959,
                43.3054157123125
              ],
              [
                -1.702391829880494,
                43.19593771548633
              ],
              [
                -1.491382804306763,
                43.20962103457813
              ],
              [
                -1.465651359947937,
                43.15488775821094
              ],
              [
                -1.557671156319397,
                43.04543264956836
              ],
              [
                -1.515127864273804,
                42.997562013582034
              ],
              [
                -1.44755240956189,
                42.98387869449024
              ],
              [
                -1.397272315415162,
                43.031756959871096
              ],
              [
                -0.907353666218537,
                42.881297670320315
              ],
              [
                -0.840018358620423,
                42.90865286441211
              ],
              [
                -0.611982133778351,
                42.73087652774219
              ],
              [
                -0.586789485605973,
                42.765060029939455
              ],
              [
                -0.46883657256009,
                42.75139196963672
              ],
              [
                -0.409914609583634,
                42.785567842439455
              ],
              [
                -0.216141254248637,
                42.717200838044924
              ],
              [
                -0.203663793,
                42.70031317325
              ],
              [
                -0.165626824440974,
                42.64883764834766
              ],
              [
                0.179550382701141,
                42.66251715274219
              ],
              [
                0.196265372840148,
                42.607825838044924
              ],
              [
                0.347843679991943,
                42.63517340274219
              ],
              [
                0.591923627463562,
                42.628333650544924
              ],
              [
                0.584142002669555,
                42.77189215274219
              ],
              [
                0.744199428168518,
                42.77189215274219
              ],
              [
                1.307450089064819,
                42.63517340274219
              ],
              [
                1.348705086318237,
                42.53948172183399
              ],
              [
                1.364396247473938,
                42.40964087100391
              ],
              [
                1.448152098265869,
                42.37548025699024
              ],
              [
                1.616605672446472,
                42.40964087100391
              ],
              [
                1.709228429404479,
                42.42331274600391
              ],
              [
                1.860095295516235,
                42.38231619449024
              ],
              [
                1.876118454543334,
                42.31398733706836
              ],
              [
                1.99367073496936,
                42.30715521426563
              ],
              [
                2.171107086745483,
                42.38231619449024
              ],
              [
                2.363173756209594,
                42.293494783357424
              ],
              [
                2.581510099974853,
                42.28666266055469
              ],
              [
                2.599267038909179,
                42.34814413638477
              ],
              [
                2.936504158583862,
                42.40964087100391
              ],
              [
                3.087081465331298,
                42.36864431949024
              ],
              [
                3.086528334227783,
                42.329112611726565
              ],
              [
                3.086286100951416,
                42.1207233295
              ],
              [
                3.156553778258544,
                42.075721345857424
              ],
              [
                3.128878864852172,
                41.85722693057422
              ],
              [
                2.628259214965087,
                41.61954077334766
              ],
              [
                2.200590166655761,
                41.44614752383594
              ],
              [
                2.080724749175292,
                41.29848822207813
              ],
              [
                1.60982862433551,
                41.20915564151172
              ],
              [
                1.311244878379089,
                41.15725287051563
              ],
              [
                0.879201922026855,
                41.0217357501543
              ],
              [
                0.733751806822998,
                40.87495382876758
              ],
              [
                0.709782037345153,
                40.78514822574024
              ],
              [
                0.827125463095886,
                40.7274242267168
              ],
              [
                0.787556442824584,
                40.65688665957813
              ],
              [
                0.505141589251739,
                40.592757783845705
              ],
              [
                0.237927589026672,
                40.24019964785938
              ],
              [
                -0.160625037344712,
                39.886024080232424
              ],
              [
                -0.203663793,
                39.79943808169727
              ],
              [
                -0.284515861960667,
                39.63677176089649
              ],
              [
                -0.394848432930726,
                39.434459291414065
              ],
              [
                -0.235902842673081,
                39.06240423770313
              ],
              [
                -0.203663793,
                39.012652955964846
              ],
              [
                -0.165695284100789,
                38.95406302066211
              ],
              [
                0.126115980950576,
                38.821353517488284
              ],
              [
                0.172570082751495,
                38.738345704988284
              ],
              [
                -0.107004006000775,
                38.59149893374805
              ],
              [
                -0.203663793,
                38.54402884097461
              ],
              [
                -0.435155328902024,
                38.43033941836719
              ],
              [
                -0.56412681618573,
                38.21486624331836
              ],
              [
                -0.664728876742142,
                38.17657431216602
              ],
              [
                -0.872343566807526,
                37.75979956241016
              ],
              [
                -0.802563574703949,
                37.61500509829883
              ],
              [
                -0.918272283467072,
                37.57034262271289
              ],
              [
                -1.364567962082642,
                37.54839285464649
              ],
              [
                -1.625712480934876,
                37.439490877107424
              ],
              [
                -1.816879835518616,
                37.2924762591875
              ],
              [
                -1.940475192459839,
                36.95159872622852
              ],
              [
                -2.238797393234986,
                36.728396974519534
              ],
              [
                -2.35509749928357,
                36.82405050845508
              ],
              [
                -2.62433144131543,
                36.811297975496096
              ],
              [
                -2.761496749314087,
                36.69013937564258
              ],
              [
                -2.915331569107789,
                36.69013937564258
              ],
              [
                -2.969792333039063,
                36.74114950747852
              ],
              [
                -4.446585622223633,
                36.72201880069141
              ],
              [
                -4.757303681763428,
                36.48610647769336
              ],
              [
                -5.216736283692139,
                36.40959509463672
              ],
              [
                -5.374227490814942,
                36.23747595401172
              ],
              [
                -5.386749711426514,
                36.10998495669727
              ],
              [
                -5.424260106476563,
                36.07174261660938
              ],
              [
                -5.457090821656006,
                36.16735800357227
              ],
              [
                -5.487933125885743,
                36.173724733308596
              ],
              [
                -5.485486474427002,
                36.06536825747852
              ],
              [
                -5.660587277802247,
                36.008006654695315
              ],
              [
                -5.850014176758545,
                36.07174261660938
              ],
              [
                -6.204461064728516,
                36.28209646792774
              ],
              [
                -6.30497166195752,
                36.45422323794727
              ],
              [
                -6.288880792053956,
                36.57217749209766
              ],
              [
                -6.444025006684083,
                36.62318380923633
              ],
              [
                -6.50048586407544,
                36.718829713777346
              ],
              [
                -6.4217133192146,
                36.79216345401172
              ],
              [
                -6.632153954895752,
                37.02175100894336
              ],
              [
                -6.947954621704834,
                37.14931448550586
              ],
              [
                -7.010098424347657,
                37.165259920076174
              ],
              [
                -7.227823701294678,
                37.22585638614063
              ],
              [
                -7.491503682526368,
                37.20815619082813
              ],
              [
                -7.487998452576416,
                37.216353975251955
              ],
              [
                -7.351443734558838,
                37.64443548770313
              ],
              [
                -7.242514577301758,
                37.810897432283205
              ],
              [
                -6.844775166901368,
                38.10021170230274
              ],
              [
                -7.028099027069825,
                38.239581666902346
              ],
              [
                -7.393876519593018,
                38.294986329988284
              ],
              [
                -7.317340817841309,
                38.49962576480274
              ],
              [
                -7.08942457714917,
                38.79450186343555
              ],
              [
                -6.933383431824463,
                38.961349092439455
              ],
              [
                -7.006874528321045,
                39.05031546206836
              ],
              [
                -7.211435761841553,
                39.29820593448047
              ],
              [
                -7.43099876919629,
                39.5205150470293
              ],
              [
                -7.301257100495118,
                39.578712068513674
              ],
              [
                -7.084203687104004,
                39.59907492251758
              ],
              [
                -6.878323045166749,
                39.702395997957034
              ],
              [
                -6.858675923737305,
                39.79192312808399
              ],
              [
                -6.884172883423584,
                40.214034639314455
              ],
              [
                -6.824864831360596,
                40.656566225007815
              ],
              [
                -6.857170548828858,
                40.8615795001543
              ],
              [
                -6.834448781403321,
                41.06053503604297
              ],
              [
                -6.796627965363282,
                41.09282644839649
              ],
              [
                -6.241148915680665,
                41.320479951814455
              ],
              [
                -6.11153790036084,
                41.41746100039844
              ],
              [
                -6.139497723969239,
                41.526439271882815
              ],
              [
                -6.518426862152833,
                41.74909933658008
              ],
              [
                -6.586079564484375,
                41.857921205476565
              ],
              [
                -6.708704438599366,
                41.96004446597461
              ],
              [
                -6.85951849499585,
                41.98491247744922
              ],
              [
                -7.098435845764893,
                41.86795385928516
              ],
              [
                -7.918560948761719,
                41.8891673907793
              ],
              [
                -8.15726133862378,
                42.087039552644534
              ],
              [
                -8.405047383698243,
                42.00213583560352
              ],
              [
                -8.806055035980958,
                41.889178834871096
              ]
            ]
          ]
        ]
      }
    },
    {
      "type": "Feature",
      "properties": {
        "NAME": "Portugal",
        "ABBREVN": "Portugal",
        "FIPS_CO": "PO",
        "WB_CNTR": "PRT",
        "BORDER_": 0,
        "BORDERI": "France,Belgium,Germany,Austria,Italy,Spain,Luxembourg,Switzerland,Korea, Democratic People's Republic of,China,India,Mauritania,Morocco,Algeria,United Arab Emirates,Saudi Arabia,Qatar,Oman,Niger,Burkina Faso,Ivory Coast,Guinea,Senegal,Yemen,Benin,Mali,Li",
        "SUBJECTO": "Portugal",
        "BORDERPRECISION": 3,
        "PARTOF": "Portugal"
      },
      "geometry": {
        "type": "MultiPolygon",
        "coordinates": [
          [
            [
              [
                -7.491503682526368,
                37.20815619082813
              ],
              [
                -7.603436437042969,
                37.16297873111133
              ],
              [
                -7.836042371186036,
                37.03225287051563
              ],
              [
                -8.033637967499512,
                37.00878866763477
              ],
              [
                -8.28023907223584,
                37.088580690339846
              ],
              [
                -8.541073766144532,
                37.088580690339846
              ],
              [
                -8.667059865387696,
                37.12144049258594
              ],
              [
                -8.990849461945313,
                36.990008912996096
              ],
              [
                -9.016643491181153,
                37.069800935701174
              ],
              [
                -8.841511693390625,
                37.52514608950977
              ],
              [
                -8.851028409394043,
                37.91018255801563
              ],
              [
                -8.932785954865235,
                37.96184118838672
              ],
              [
                -8.822993245514649,
                38.206073366121096
              ],
              [
                -8.84730335751416,
                38.384566865876955
              ],
              [
                -8.788920369538086,
                38.43598135562305
              ],
              [
                -8.853651967438477,
                38.4996410235918
              ],
              [
                -9.022322621735352,
                38.46102102847461
              ],
              [
                -9.236570325287598,
                38.41744955630664
              ],
              [
                -9.285158124359864,
                38.61946829409961
              ],
              [
                -9.069152799042481,
                38.64295919986133
              ],
              [
                -8.941892590912598,
                38.74191626162891
              ],
              [
                -8.960826840790528,
                38.81846197696094
              ],
              [
                -9.040849652680176,
                38.92018087954883
              ],
              [
                -9.175754514130372,
                38.73223074527149
              ],
              [
                -9.361637082489747,
                38.671145997957034
              ],
              [
                -9.522397008332032,
                38.6899371966875
              ],
              [
                -9.549007382782715,
                38.77451666446094
              ],
              [
                -9.459762540253418,
                38.95307882876758
              ],
              [
                -9.397706952484864,
                39.23036154361133
              ],
              [
                -9.415269818695801,
                39.366675935701174
              ],
              [
                -9.299269643219727,
                39.417735658601565
              ],
              [
                -9.11792274990918,
                39.64403494449024
              ],
              [
                -8.915585484894532,
                40.13814886660938
              ],
              [
                -8.969669309052247,
                40.19001730533008
              ],
              [
                -8.694069829376954,
                40.992171846345705
              ],
              [
                -8.851777997406739,
                41.40782888980274
              ],
              [
                -8.854754414948243,
                41.59685095401172
              ],
              [
                -8.920735326203125,
                41.76702078433399
              ],
              [
                -8.806055035980958,
                41.889178834871096
              ],
              [
                -8.405047383698243,
                42.00213583560352
              ],
              [
                -8.15726133862378,
                42.087039552644534
              ],
              [
                -7.918560948761719,
                41.8891673907793
              ],
              [
                -7.098435845764893,
                41.86795385928516
              ],
              [
                -6.85951849499585,
                41.98491247744922
              ],
              [
                -6.708704438599366,
                41.96004446597461
              ],
              [
                -6.586079564484375,
                41.857921205476565
              ],
              [
                -6.518426862152833,
                41.74909933658008
              ],
              [
                -6.139497723969239,
                41.526439271882815
              ],
              [
                -6.11153790036084,
                41.41746100039844
              ],
              [
                -6.241148915680665,
                41.320479951814455
              ],
              [
                -6.796627965363282,
                41.09282644839649
              ],
              [
                -6.834448781403321,
                41.06053503604297
              ],
              [
                -6.857170548828858,
                40.8615795001543
              ],
              [
                -6.824864831360596,
                40.656566225007815
              ],
              [
                -6.884172883423584,
                40.214034639314455
              ],
              [
                -6.858675923737305,
                39.79192312808399
              ],
              [
                -6.878323045166749,
                39.702395997957034
              ],
              [
                -7.084203687104004,
                39.59907492251758
              ],
              [
                -7.301257100495118,
                39.578712068513674
              ],
              [
                -7.43099876919629,
                39.5205150470293
              ],
              [
                -7.211435761841553,
                39.29820593448047
              ],
              [
                -7.006874528321045,
                39.05031546206836
              ],
              [
                -6.933383431824463,
                38.961349092439455
              ],
              [
                -7.08942457714917,
                38.79450186343555
              ],
              [
                -7.317340817841309,
                38.49962576480274
              ],
              [
                -7.393876519593018,
                38.294986329988284
              ],
              [
                -7.028099027069825,
                38.239581666902346
              ],
              [
                -6.844775166901368,
                38.10021170230274
              ],
              [
                -7.242514577301758,
                37.810897432283205
              ],
              [
                -7.351443734558838,
                37.64443548770313
              ],
              [
                -7.487998452576416,
                37.216353975251955
              ],
              [
                -7.491503682526368,
                37.20815619082813
              ]
            ]
          ]
        ]
      }
    }
  ]
}